{"Version":2,"SourceFileDate":133268974295491197,"Flags":["FL_BITMAP_COMPRESSION","FL_BITMAP_MIPMAP","FL_BITMAP_QUALITY_HIGH","FL_BITMAP_PRECOMPUTED_INV_AVG"],"InvAvgColor":[1.1660213470458984,1.9310228824615479,37.848453521728516],"HasTransp":true}