{"Version":2,"SourceFileDate":133268974306766975,"Flags":["FL_BITMAP_COMPRESSION","FL_BITMAP_MIPMAP","FL_BITMAP_QUALITY_HIGH","FL_BITMAP_PRECOMPUTED_INV_AVG"],"InvAvgColor":[1.1762068271636963,1.9478672742843628,38.173877716064453],"HasTransp":true}