{"Version":2,"SourceFileDate":133268974307744040,"Flags":["FL_BITMAP_COMPRESSION","FL_BITMAP_MIPMAP","FL_BITMAP_QUALITY_HIGH","FL_BITMAP_PRECOMPUTED_INV_AVG"],"InvAvgColor":[1.1571106910705566,1.9162683486938477,37.575611114501953],"HasTransp":true}