{"Version":2,"SourceFileDate":133268974305939460,"Flags":["FL_BITMAP_COMPRESSION","FL_BITMAP_MIPMAP","FL_BITMAP_QUALITY_HIGH","FL_BITMAP_PRECOMPUTED_INV_AVG"],"InvAvgColor":[1.2072819471359253,1.9992209672927856,39.177867889404297],"HasTransp":true}