{"Version":2,"SourceFileDate":133268974304574773,"Flags":["FL_BITMAP_COMPRESSION","FL_BITMAP_MIPMAP","FL_BITMAP_QUALITY_HIGH","FL_BITMAP_PRECOMPUTED_INV_AVG"],"InvAvgColor":[1.2020032405853271,1.9905784130096436,39.007183074951172],"HasTransp":true}