{"Version":2,"SourceFileDate":133268974307299395,"Flags":["FL_BITMAP_COMPRESSION","FL_BITMAP_MIPMAP","FL_BITMAP_QUALITY_HIGH","FL_BITMAP_PRECOMPUTED_INV_AVG"],"InvAvgColor":[1.2147198915481567,2.0114872455596924,39.412769317626953],"HasTransp":true}