{"Version":2,"SourceFileDate":133268974307007952,"Flags":["FL_BITMAP_COMPRESSION","FL_BITMAP_MIPMAP","FL_BITMAP_QUALITY_HIGH","FL_BITMAP_PRECOMPUTED_INV_AVG"],"InvAvgColor":[1.1744452714920044,1.9448623657226562,38.136699676513672],"HasTransp":true}