{"Version":2,"SourceFileDate":133268974304850456,"Flags":["FL_BITMAP_COMPRESSION","FL_BITMAP_MIPMAP","FL_BITMAP_QUALITY_HIGH","FL_BITMAP_PRECOMPUTED_INV_AVG"],"InvAvgColor":[1.2339955568313599,2.0434212684631348,40.020309448242188],"HasTransp":true}