{"Version":2,"SourceFileDate":133268974307974500,"Flags":["FL_BITMAP_COMPRESSION","FL_BITMAP_MIPMAP","FL_BITMAP_QUALITY_HIGH","FL_BITMAP_PRECOMPUTED_INV_AVG"],"InvAvgColor":[1.2279953956604004,2.0334534645080566,39.825660705566406],"HasTransp":true}