{"Version":2,"SourceFileDate":133268974307038745,"Flags":["FL_BITMAP_COMPRESSION","FL_BITMAP_MIPMAP","FL_BITMAP_QUALITY_HIGH","FL_BITMAP_PRECOMPUTED_INV_AVG"],"InvAvgColor":[1.2262668609619141,2.0306143760681152,39.76287841796875],"HasTransp":true}