{"Version":2,"SourceFileDate":133268974306576062,"Flags":["FL_BITMAP_COMPRESSION","FL_BITMAP_MIPMAP","FL_BITMAP_QUALITY_HIGH","FL_BITMAP_PRECOMPUTED_INV_AVG"],"InvAvgColor":[1.1716650724411011,1.9402563571929932,38.041893005371094],"HasTransp":true}