{"Version":2,"SourceFileDate":133922940131554605,"Flags":["FL_BITMAP_COMPRESSION","FL_BITMAP_MIPMAP","FL_BITMAP_QUALITY_HIGH","FL_BITMAP_PRECOMPUTED_INV_AVG"],"InvAvgColor":[1.2309266328811646,2.038337230682373,39.915924072265625],"HasTransp":true}