{"Version":2,"SourceFileDate":133268974307814122,"Flags":["FL_BITMAP_COMPRESSION","FL_BITMAP_MIPMAP","FL_BITMAP_QUALITY_HIGH","FL_BITMAP_PRECOMPUTED_INV_AVG"],"InvAvgColor":[1.1990911960601807,1.9857536554336548,38.908008575439453],"HasTransp":true}