{"Version":2,"SourceFileDate":133268974305448169,"Flags":["FL_BITMAP_COMPRESSION","FL_BITMAP_MIPMAP","FL_BITMAP_QUALITY_HIGH","FL_BITMAP_PRECOMPUTED_INV_AVG"],"InvAvgColor":[1.1967705488204956,1.9820103645324707,38.837982177734375],"HasTransp":true}