{"Version":2,"SourceFileDate":133268974305653825,"Flags":["FL_BITMAP_COMPRESSION","FL_BITMAP_MIPMAP","FL_BITMAP_QUALITY_HIGH","FL_BITMAP_PRECOMPUTED_INV_AVG"],"InvAvgColor":[1.2094237804412842,2.002835750579834,39.241641998291016],"HasTransp":true}