{"Version":2,"SourceFileDate":133268974300186551,"Flags":["FL_BITMAP_COMPRESSION","FL_BITMAP_MIPMAP","FL_BITMAP_QUALITY_HIGH","FL_BITMAP_PRECOMPUTED_INV_AVG"],"InvAvgColor":[1.2238398790359497,2.0267002582550049,39.689743041992188],"HasTransp":true}