{"Version":2,"SourceFileDate":133268974307269377,"Flags":["FL_BITMAP_COMPRESSION","FL_BITMAP_MIPMAP","FL_BITMAP_QUALITY_HIGH","FL_BITMAP_PRECOMPUTED_INV_AVG"],"InvAvgColor":[1.1694492101669312,1.9366824626922607,37.974948883056641],"HasTransp":true}