{"Version":2,"SourceFileDate":133922940131735478,"Flags":["FL_BITMAP_COMPRESSION","FL_BITMAP_MIPMAP","FL_BITMAP_QUALITY_HIGH","FL_BITMAP_PRECOMPUTED_INV_AVG"],"InvAvgColor":[1.2284812927246094,2.0343930721282959,39.84222412109375],"HasTransp":true}