{"Version":2,"SourceFileDate":133268974296063967,"Flags":["FL_BITMAP_COMPRESSION","FL_BITMAP_MIPMAP","FL_BITMAP_QUALITY_HIGH","FL_BITMAP_PRECOMPUTED_INV_AVG"],"InvAvgColor":[1.1640195846557617,1.9276981353759766,37.794292449951172],"HasTransp":true}