{"Version":2,"SourceFileDate":133268974307374659,"Flags":["FL_BITMAP_COMPRESSION","FL_BITMAP_MIPMAP","FL_BITMAP_QUALITY_HIGH","FL_BITMAP_PRECOMPUTED_INV_AVG"],"InvAvgColor":[1.1463303565979004,1.8982263803482056,37.209621429443359],"HasTransp":true}