{"Version":2,"SourceFileDate":133268974307708867,"Flags":["FL_BITMAP_COMPRESSION","FL_BITMAP_MIPMAP","FL_BITMAP_QUALITY_HIGH","FL_BITMAP_PRECOMPUTED_INV_AVG"],"InvAvgColor":[1.1987426280975342,1.9852020740509033,38.873817443847656],"HasTransp":true}