{"Version":2,"SourceFileDate":133268974307088871,"Flags":["FL_BITMAP_COMPRESSION","FL_BITMAP_MIPMAP","FL_BITMAP_QUALITY_HIGH","FL_BITMAP_PRECOMPUTED_INV_AVG"],"InvAvgColor":[1.2117937803268433,2.0066580772399902,39.313137054443359],"HasTransp":true}