{"Version":2,"SourceFileDate":133268974307994493,"Flags":["FL_BITMAP_COMPRESSION","FL_BITMAP_MIPMAP","FL_BITMAP_QUALITY_HIGH","FL_BITMAP_PRECOMPUTED_INV_AVG"],"InvAvgColor":[1.1715453863143921,1.9399042129516602,37.9998779296875],"HasTransp":true}