{"Version":2,"SourceFileDate":133922940131892740,"Flags":["FL_BITMAP_COMPRESSION","FL_BITMAP_MIPMAP","FL_BITMAP_QUALITY_HIGH","FL_BITMAP_PRECOMPUTED_INV_AVG"],"InvAvgColor":[1.2265735864639282,2.0311615467071533,39.757133483886719],"HasTransp":true}