{"Version":2,"SourceFileDate":133268974307404661,"Flags":["FL_BITMAP_COMPRESSION","FL_BITMAP_MIPMAP","FL_BITMAP_QUALITY_HIGH","FL_BITMAP_PRECOMPUTED_INV_AVG"],"InvAvgColor":[1.1716423034667969,1.9400520324707031,38.010513305664062],"HasTransp":true}