{"Version":2,"SourceFileDate":133268974303756786,"Flags":["FL_BITMAP_COMPRESSION","FL_BITMAP_MIPMAP","FL_BITMAP_QUALITY_HIGH","FL_BITMAP_PRECOMPUTED_INV_AVG"],"InvAvgColor":[1.2263981103897095,2.0309288501739502,39.749980926513672],"HasTransp":true}