{"Version":2,"SourceFileDate":133268974300347892,"Flags":["FL_BITMAP_COMPRESSION","FL_BITMAP_MIPMAP","FL_BITMAP_QUALITY_HIGH","FL_BITMAP_PRECOMPUTED_INV_AVG"],"InvAvgColor":[1.2223474979400635,2.0241034030914307,39.653785705566406],"HasTransp":true}