{"Version":2,"SourceFileDate":133268974300322675,"Flags":["FL_BITMAP_COMPRESSION","FL_BITMAP_MIPMAP","FL_BITMAP_QUALITY_HIGH","FL_BITMAP_PRECOMPUTED_INV_AVG"],"InvAvgColor":[1.1793015003204346,1.9527150392532349,38.246540069580078],"HasTransp":true}