{"Version":2,"SourceFileDate":133268974303474341,"Flags":["FL_BITMAP_COMPRESSION","FL_BITMAP_MIPMAP","FL_BITMAP_QUALITY_HIGH","FL_BITMAP_PRECOMPUTED_INV_AVG"],"InvAvgColor":[1.1815283298492432,1.9565614461898804,38.360782623291016],"HasTransp":true}