{"Version":2,"SourceFileDate":133268974307909299,"Flags":["FL_BITMAP_COMPRESSION","FL_BITMAP_MIPMAP","FL_BITMAP_QUALITY_HIGH","FL_BITMAP_PRECOMPUTED_INV_AVG"],"InvAvgColor":[1.2418177127838135,2.0563399791717529,40.267147064208984],"HasTransp":true}