{"Version":2,"SourceFileDate":133268974308024514,"Flags":["FL_BITMAP_COMPRESSION","FL_BITMAP_MIPMAP","FL_BITMAP_QUALITY_HIGH","FL_BITMAP_PRECOMPUTED_INV_AVG"],"InvAvgColor":[1.1885323524475098,1.9680167436599731,38.536159515380859],"HasTransp":true}