{"Version":2,"SourceFileDate":133268974297524330,"Flags":["FL_BITMAP_COMPRESSION","FL_BITMAP_MIPMAP","FL_BITMAP_QUALITY_HIGH","FL_BITMAP_PRECOMPUTED_INV_AVG"],"InvAvgColor":[1.2452120780944824,2.0620079040527344,40.343761444091797],"HasTransp":true}