{"Version":2,"SourceFileDate":133268974296625321,"Flags":["FL_BITMAP_COMPRESSION","FL_BITMAP_MIPMAP","FL_BITMAP_QUALITY_HIGH","FL_BITMAP_PRECOMPUTED_INV_AVG"],"InvAvgColor":[1.110965371131897,1.8398342132568359,36.111228942871094],"HasTransp":true}