{"Version":2,"SourceFileDate":133268974306897486,"Flags":["FL_BITMAP_COMPRESSION","FL_BITMAP_MIPMAP","FL_BITMAP_QUALITY_HIGH","FL_BITMAP_PRECOMPUTED_INV_AVG"],"InvAvgColor":[1.1668345928192139,1.932293176651001,37.844394683837891],"HasTransp":true}