{"Version":2,"SourceFileDate":133268974305287220,"Flags":["FL_BITMAP_COMPRESSION","FL_BITMAP_MIPMAP","FL_BITMAP_QUALITY_HIGH","FL_BITMAP_PRECOMPUTED_INV_AVG"],"InvAvgColor":[1.1969566345214844,1.9820288419723511,38.800441741943359],"HasTransp":true}