{"Version":2,"SourceFileDate":133922940132191002,"Flags":["FL_BITMAP_COMPRESSION","FL_BITMAP_MIPMAP","FL_BITMAP_QUALITY_HIGH","FL_BITMAP_PRECOMPUTED_INV_AVG"],"InvAvgColor":[1.1932123899459839,1.975849986076355,38.681838989257812],"HasTransp":true}