{"Version":2,"SourceFileDate":133922940132246091,"Flags":["FL_BITMAP_COMPRESSION","FL_BITMAP_MIPMAP","FL_BITMAP_QUALITY_HIGH","FL_BITMAP_PRECOMPUTED_INV_AVG"],"InvAvgColor":[1.2394633293151855,2.052548885345459,40.23626708984375]}