{"Version":2,"SourceFileDate":133270525098166368,"Flags":["FL_BITMAP_COMPRESSION","FL_BITMAP_MIPMAP","FL_BITMAP_QUALITY_HIGH","FL_BITMAP_PRECOMPUTED_INV_AVG"],"InvAvgColor":[1.2176675796508789,2.0164182186126709,39.552108764648438]}