{"Version":2,"SourceFileDate":133270525098188940,"Flags":["FL_BITMAP_COMPRESSION","FL_BITMAP_MIPMAP","FL_BITMAP_QUALITY_HIGH","FL_BITMAP_PRECOMPUTED_INV_AVG"],"InvAvgColor":[1.2762653827667236,2.1134250164031982,41.430122375488281]}