{"Version":2,"SourceFileDate":133922940132301199,"Flags":["FL_BITMAP_COMPRESSION","FL_BITMAP_MIPMAP","FL_BITMAP_QUALITY_HIGH","FL_BITMAP_PRECOMPUTED_INV_AVG"],"InvAvgColor":[1.2547644376754761,2.077812671661377,40.739238739013672]}