{"Version":2,"SourceFileDate":133270525098228942,"Flags":["FL_BITMAP_COMPRESSION","FL_BITMAP_MIPMAP","FL_BITMAP_QUALITY_HIGH","FL_BITMAP_PRECOMPUTED_INV_AVG"],"InvAvgColor":[1.2321088314056396,2.0404269695281982,40.049121856689453]}