{"Version":2,"SourceFileDate":133270525098248938,"Flags":["FL_BITMAP_COMPRESSION","FL_BITMAP_MIPMAP","FL_BITMAP_QUALITY_HIGH","FL_BITMAP_PRECOMPUTED_INV_AVG"],"InvAvgColor":[1.2974815368652344,2.1486773490905762,42.155586242675781]}