{"Version":2,"SourceFileDate":133270525098269710,"Flags":["FL_BITMAP_COMPRESSION","FL_BITMAP_MIPMAP","FL_BITMAP_QUALITY_HIGH","FL_BITMAP_PRECOMPUTED_INV_AVG"],"InvAvgColor":[1.2748920917510986,2.1112573146820068,41.423259735107422]}