{"Version":2,"SourceFileDate":133270525098290756,"Flags":["FL_BITMAP_COMPRESSION","FL_BITMAP_MIPMAP","FL_BITMAP_QUALITY_HIGH","FL_BITMAP_PRECOMPUTED_INV_AVG"],"InvAvgColor":[1.2665205001831055,2.0973062515258789,41.096393585205078]}