{"Version":2,"SourceFileDate":133270525098310828,"Flags":["FL_BITMAP_COMPRESSION","FL_BITMAP_MIPMAP","FL_BITMAP_QUALITY_HIGH","FL_BITMAP_PRECOMPUTED_INV_AVG"],"InvAvgColor":[1.2378844022750854,2.0499091148376465,40.184734344482422]}