{"Version":2,"SourceFileDate":133270525098340810,"Flags":["FL_BITMAP_COMPRESSION","FL_BITMAP_MIPMAP","FL_BITMAP_QUALITY_HIGH","FL_BITMAP_PRECOMPUTED_INV_AVG"],"InvAvgColor":[1.2177940607070923,2.0166366100311279,39.552986145019531]}