{"Version":2,"SourceFileDate":133270525098360807,"Flags":["FL_BITMAP_COMPRESSION","FL_BITMAP_MIPMAP","FL_BITMAP_QUALITY_HIGH","FL_BITMAP_PRECOMPUTED_INV_AVG"],"InvAvgColor":[1.2763872146606445,2.1136291027069092,41.431522369384766]}