{"Version":2,"SourceFileDate":133270525098385924,"Flags":["FL_BITMAP_COMPRESSION","FL_BITMAP_MIPMAP","FL_BITMAP_QUALITY_HIGH","FL_BITMAP_PRECOMPUTED_INV_AVG"],"InvAvgColor":[1.2750344276428223,2.1114571094512939,41.367488861083984]}