{"Version":2,"SourceFileDate":133270525098405902,"Flags":["FL_BITMAP_COMPRESSION","FL_BITMAP_MIPMAP","FL_BITMAP_QUALITY_HIGH","FL_BITMAP_PRECOMPUTED_INV_AVG"],"InvAvgColor":[1.2234089374542236,2.0259253978729248,39.725852966308594]}